Country/region,Store listing visitors,Store listing visitors vs previous period,Store listing acquisitions,Store listing acquisitions vs previous period,Store listing conversion rate,Store listing conversion rate vs previous period,Peers' 28-day conversion rate: Productivity (25th percentile),Peers' 28-day conversion rate: Productivity (50th percentile),Peers' 28-day conversion rate: Productivity (75th percentile)
All countries / regions,233,-,141,-,60.52%,-,23.79%,39.71%,58.97%
Turkey,203,-,120,-,59.11%,-,14.84%,25%,40%
Unknown Region,9,-,5,-,55.56%,-,22.11%,37.02%,55.17%
Germany,6,-,4,-,66.67%,-,20%,33.33%,50%
Iraq,4,-,4,-,100%,-,16.67%,27.27%,42.12%
United States,3,-,3,-,100%,-,24.47%,36.61%,52.69%
Saudi Arabia,2,-,1,-,50%,-,20%,32.78%,47.36%
United Arab Emirates,1,-,1,-,100%,-,25.58%,39.3%,53.31%
Canada,1,-,1,-,100%,-,25%,37.93%,55.56%
Spain,1,-,0,-,0%,-,21.75%,34.62%,51.14%
France,1,-,1,-,100%,-,22.5%,35.57%,52%
Lebanon,1,-,1,-,100%,-,21.76%,33.33%,50%
Netherlands,1,-,0,-,0%,-,24.74%,37.5%,53.72%